Frame,Sub Frame,"Position - max4",,,"Rotation (Helical) - max4",,
,,"TX","TY","TZ","RX","RY","RZ"
Frames,Frames,"mm","mm","mm","°","°","°"
1,0,"-96.1275","-353.628","989.772","-12.6374","12.0753","-3.75347"
2,0,"-96.1393","-353.635","989.777","-12.6603","12.01","-3.72514"
3,0,"-96.0721","-353.699","989.731","-12.6414","12.0221","-3.71947"
4,0,"-96.0434","-353.761","989.69","-12.6201","12.0438","-3.72565"
5,0,"-96.0505","-353.785","989.688","-12.6214","12.0063","-3.71247"
6,0,"-96.0106","-353.862","989.63","-12.5831","12.0531","-3.731"
7,0,"-96.0641","-353.881","989.626","-12.5773","12.0409","-3.73936"
8,0,"-96.1375","-353.881","989.625","-12.5773","12.0081","-3.73963"
9,0,"-96.1898","-353.866","989.594","-12.5943","11.9293","-3.7142"
10,0,"-96.2229","-353.886","989.535","-12.5648","11.955","-3.73182"
11,0,"-96.302","-353.865","989.5","-12.5696","11.9053","-3.7214"
12,0,"-96.4024","-353.814","989.473","-12.5888","11.8261","-3.70058"
13,0,"-96.3467","-353.863","989.339","-12.5368","11.8923","-3.72333"
14,0,"-96.4349","-353.807","989.296","-12.5551","11.8245","-3.71023"
15,0,"-96.4754","-353.771","989.214","-12.5553","11.7974","-3.70891"
16,0,"-96.4293","-353.759","989.092","-12.5381","11.7995","-3.70772"
17,0,"-96.4572","-353.724","989.017","-12.5287","11.7924","-3.71616"
18,0,"-96.4698","-353.694","988.919","-12.5178","11.7843","-3.71829"
19,0,"-96.4968","-353.64","988.843","-12.5166","11.7508","-3.71217"
20,0,"-96.5138","-353.605","988.752","-12.4933","11.7676","-3.72669"
21,0,"-96.4987","-353.589","988.634","-12.4537","11.821","-3.75073"
22,0,"-96.5382","-353.525","988.541","-12.4672","11.7423","-3.72116"
23,0,"-96.5623","-353.491","988.447","-12.4393","11.7756","-3.74485"
24,0,"-96.6707","-353.381","988.395","-12.4755","11.6542","-3.71036"
25,0,"-96.6584","-353.342","988.272","-12.4555","11.6504","-3.71414"
26,0,"-96.6697","-353.287","988.16","-12.4579","11.581","-3.69068"
27,0,"-96.5901","-353.322","987.984","-12.3823","11.6836","-3.73309"
28,0,"-96.5815","-353.286","987.863","-12.3633","11.6627","-3.73162"
29,0,"-96.631","-353.176","987.798","-12.4041","11.5091","-3.67747"
30,0,"-96.6665","-353.131","987.723","-12.385","11.4989","-3.68706"
31,0,"-96.6891","-353.069","987.646","-12.3953","11.4212","-3.66263"
32,0,"-96.7297","-353.022","987.595","-12.386","11.3935","-3.66466"
33,0,"-96.7071","-353.021","987.5","-12.3574","11.3959","-3.66508"
34,0,"-96.7431","-352.984","987.439","-12.3515","11.3564","-3.65561"
35,0,"-96.7707","-352.946","987.378","-12.3503","11.3068","-3.64032"
36,0,"-96.8068","-352.912","987.307","-12.3357","11.2911","-3.63938"
37,0,"-96.831","-352.858","987.234","-12.3296","11.2598","-3.63132"
38,0,"-96.7889","-352.845","987.121","-12.3064","11.2637","-3.62824"
39,0,"-96.7837","-352.807","987.043","-12.2948","11.2546","-3.62708"
40,0,"-96.7888","-352.762","986.986","-12.2739","11.2789","-3.64251"
41,0,"-96.7982","-352.709","986.922","-12.2686","11.2628","-3.63942"
42,0,"-96.8337","-352.628","986.889","-12.2722","11.2351","-3.63459"
43,0,"-96.8529","-352.562","986.841","-12.2574","11.2454","-3.64605"
44,0,"-96.974","-352.392","986.872","-12.3346","11.0525","-3.58007"
45,0,"-96.9431","-352.381","986.792","-12.2749","11.1571","-3.62405"
46,0,"-96.9869","-352.336","986.759","-12.2436","11.2042","-3.65427"
47,0,"-96.9882","-352.298","986.71","-12.2002","11.2728","-3.68753"
48,0,"-97.0733","-352.193","986.722","-12.2117","11.2256","-3.68178"
49,0,"-97.0938","-352.142","986.693","-12.1904","11.2471","-3.69753"
50,0,"-97.1526","-352.033","986.674","-12.2335","11.1127","-3.64324"
51,0,"-97.1758","-351.981","986.627","-12.2144","11.14","-3.66132"
52,0,"-97.1895","-351.966","986.557","-12.1527","11.2687","-3.72602"
53,0,"-97.2628","-351.879","986.532","-12.1706","11.2188","-3.71485"
54,0,"-97.2989","-351.805","986.495","-12.1646","11.219","-3.72316"
55,0,"-97.3295","-351.704","986.455","-12.2013","11.1165","-3.68232"
56,0,"-97.3722","-351.606","986.44","-12.2092","11.087","-3.6776"
57,0,"-97.3824","-351.565","986.418","-12.1765","11.156","-3.71383"
58,0,"-97.4241","-351.492","986.43","-12.1686","11.1771","-3.73029"
59,0,"-97.4009","-351.454","986.417","-12.1484","11.2168","-3.74822"
60,0,"-97.4106","-351.405","986.403","-12.148","11.2175","-3.75046"
61,0,"-97.4162","-351.367","986.377","-12.133","11.2466","-3.76538"
62,0,"-97.4469","-351.324","986.349","-12.1171","11.2843","-3.79128"
63,0,"-97.5294","-351.258","986.321","-12.1335","11.2398","-3.78536"
64,0,"-97.5681","-351.192","986.233","-12.1799","11.098","-3.72504"
65,0,"-97.6254","-351.161","986.134","-12.1764","11.0756","-3.72446"
66,0,"-97.7134","-351.111","986.06","-12.196","10.9954","-3.70158"
67,0,"-97.7956","-351.081","985.959","-12.1966","10.9491","-3.69295"
68,0,"-97.8457","-351.056","985.838","-12.1882","10.9018","-3.67646"
69,0,"-97.9185","-351.039","985.716","-12.1843","10.8223","-3.65109"
70,0,"-97.9566","-351.06","985.538","-12.135","10.8231","-3.65686"
71,0,"-97.9651","-351.081","985.297","-12.092","10.7657","-3.62961"
72,0,"-98.2321","-350.929","985.205","-12.1492","10.487","-3.54534"
73,0,"-98.2204","-351.036","984.856","-11.9577","10.7196","-3.64678"
74,0,"-98.3368","-351.013","984.527","-11.8978","10.6087","-3.61627"
75,0,"-98.4848","-351.022","984.149","-11.7864","10.582","-3.63409"
76,0,"-98.6859","-350.964","983.694","-11.7863","10.2253","-3.51411"
77,0,"-98.8494","-351.041","983.123","-11.6205","10.2131","-3.54696"
78,0,"-99.0596","-351.082","982.468","-11.4877","10.0663","-3.52712"
79,0,"-99.414","-351.071","981.764","-11.4147","9.73976","-3.45546"
80,0,"-99.7078","-351.136","980.857","-11.3079","9.39812","-3.37234"
81,0,"-99.906","-351.362","979.762","-10.9761","9.51387","-3.48181"
82,0,"-99.7938","-351.403","977.985","-10.8938","9.24808","-3.55568"
83,0,"-100.289","-351.579","976.672","-10.6541","8.97975","-3.56742"
84,0,"-100.821","-350.793","974.576","-10.3586","8.7765","-3.40469"
85,0,"-101.373","-351.046","972.833","-10.0015","8.55222","-3.47217"
86,0,"-101.87","-351.497","970.745","-9.52253","8.46331","-3.58725"
87,0,"-102.543","-351.979","968.494","-9.06174","8.24","-3.67953"
88,0,"-103.173","-352.516","966.03","-8.56783","7.9975","-3.78136"
89,0,"-103.904","-353.423","963.264","-7.99072","7.7901","-3.8968"
90,0,"-104.442","-354.075","960.473","-7.41119","7.5675","-4.01742"
91,0,"-105.209","-355.21","957.399","-6.77717","7.29698","-4.12542"
92,0,"-106.246","-356.185","954.44","-6.28846","6.67415","-4.15778"
93,0,"-107.195","-357.458","951.175","-5.70946","6.13584","-4.221"
94,0,"-108.227","-358.785","947.794","-5.15636","5.48794","-4.27391"
95,0,"-109.238","-360.235","944.22","-4.54621","4.91886","-4.37042"
96,0,"-110.381","-361.707","940.571","-3.97431","4.2403","-4.46539"
97,0,"-111.602","-363.208","936.779","-3.38436","3.56443","-4.5743"
98,0,"-112.825","-364.844","932.846","-2.70899","3.01411","-4.72132"
99,0,"-113.986","-366.667","928.795","-1.98202","2.50742","-4.87687"
100,0,"-115.19","-368.521","924.792","-1.30483","1.88875","-5.02319"
101,0,"-116.312","-370.51","920.802","-0.598999","1.29558","-5.1745"
102,0,"-117.41","-372.551","916.837","0.0969302","0.654518","-5.31678"
103,0,"-118.621","-374.511","912.951","0.684472","-0.20083","-5.41882"
104,0,"-119.748","-376.483","909.007","1.26601","-1.06276","-5.52292"
105,0,"-120.74","-378.492","904.975","1.85517","-1.8763","-5.63745"
106,0,"-121.613","-380.464","900.896","2.4391","-2.6405","-5.75971"
107,0,"-122.495","-382.344","896.822","2.96858","-3.45038","-5.87134"
108,0,"-123.313","-384.184","892.828","3.44836","-4.27555","-5.97675"
109,0,"-123.994","-386.012","888.922","3.90434","-5.0616","-6.07384"
110,0,"-124.551","-387.8","885.279","4.37879","-5.66738","-6.19822"
111,0,"-124.797","-389.679","881.894","4.88631","-6.09648","-6.32873"
112,0,"-124.864","-391.55","878.917","5.36929","-6.41881","-6.45311"
113,0,"-124.778","-393.352","876.437","5.81779","-6.6486","-6.56831"
114,0,"-124.67","-395.04","874.396","6.1505","-6.9524","-6.65975"
115,0,"-124.355","-396.754","872.732","6.48119","-7.08806","-6.75361"
116,0,"-123.874","-398.451","871.449","6.7892","-7.10398","-6.84388"
117,0,"-123.236","-400.174","870.458","7.10438","-6.95834","-6.9369"
118,0,"-122.564","-401.802","869.683","7.31748","-6.92511","-6.99687"
119,0,"-121.857","-403.361","869.19","7.49925","-6.85771","-7.05816"
120,0,"-121.06","-404.873","868.927","7.68188","-6.71273","-7.12184"
121,0,"-120.337","-406.339","868.885","7.78069","-6.69151","-7.1633"
122,0,"-119.617","-407.766","869.03","7.8538","-6.66647","-7.19924"
123,0,"-118.993","-409.093","869.335","7.84472","-6.7564","-7.20773"
124,0,"-118.481","-410.319","869.805","7.77013","-6.92641","-7.20796"
125,0,"-117.945","-411.484","870.35","7.7125","-7.02377","-7.2061"
126,0,"-117.443","-412.646","870.932","7.65692","-7.10757","-7.20884"
127,0,"-117.015","-413.745","871.577","7.5978","-7.19044","-7.20742"
128,0,"-116.582","-414.833","872.233","7.58346","-7.17545","-7.21814"
129,0,"-116.22","-415.856","872.93","7.55715","-7.16814","-7.22566"
130,0,"-115.972","-416.84","873.627","7.49381","-7.24065","-7.22125"
131,0,"-115.684","-417.789","874.266","7.45503","-7.2575","-7.21333"
132,0,"-115.533","-418.668","874.93","7.36817","-7.36266","-7.19328"
133,0,"-115.404","-419.452","875.628","7.26844","-7.46805","-7.17812"
134,0,"-115.342","-420.186","876.262","7.14142","-7.6215","-7.14722"
135,0,"-115.15","-420.857","876.914","7.0164","-7.73592","-7.17811"
136,0,"-115.11","-421.378","877.622","6.92655","-7.7592","-7.18631"
137,0,"-115.062","-421.847","878.328","6.80266","-7.8142","-7.21231"
138,0,"-115.039","-422.187","879.079","6.69277","-7.81066","-7.2231"
139,0,"-115.002","-422.475","879.83","6.59763","-7.74444","-7.22856"
140,0,"-114.955","-422.661","880.628","6.49779","-7.6558","-7.23544"
141,0,"-114.903","-422.751","881.423","6.36455","-7.61324","-7.22544"
142,0,"-114.859","-422.804","882.217","6.25129","-7.51062","-7.22962"
143,0,"-114.806","-422.821","883.026","6.16096","-7.34365","-7.23937"
144,0,"-114.769","-422.747","883.858","6.07066","-7.14061","-7.26052"
145,0,"-114.78","-422.607","884.688","5.97064","-6.94337","-7.27755"
146,0,"-114.755","-422.414","885.497","5.8903","-6.68228","-7.30516"
147,0,"-114.776","-422.164","886.298","5.78147","-6.46794","-7.32535"
148,0,"-114.815","-421.839","887.103","5.67165","-6.22775","-7.35088"
149,0,"-114.862","-421.422","887.929","5.5629","-5.95926","-7.37968"
150,0,"-114.996","-420.927","888.766","5.41426","-5.77325","-7.38578"
151,0,"-115.161","-420.353","889.604","5.24641","-5.58804","-7.38821"
152,0,"-115.35","-419.686","890.472","5.08027","-5.39112","-7.393"
153,0,"-115.602","-418.974","891.353","4.88056","-5.25711","-7.37888"
154,0,"-115.863","-418.201","892.265","4.66591","-5.13225","-7.36849"
155,0,"-116.095","-417.419","893.199","4.44958","-5.00063","-7.35001"
156,0,"-116.376","-416.579","894.196","4.20008","-4.91824","-7.33138"
157,0,"-116.631","-415.739","895.204","3.98564","-4.75299","-7.32485"
158,0,"-116.963","-414.852","896.249","3.70779","-4.71166","-7.29512"
159,0,"-117.295","-413.916","897.336","3.46866","-4.56995","-7.28186"
160,0,"-117.659","-412.935","898.445","3.21138","-4.45056","-7.25873"
161,0,"-118.013","-411.924","899.559","2.98375","-4.25566","-7.24581"
162,0,"-118.404","-410.839","900.692","2.6985","-4.17688","-7.20136"
163,0,"-118.77","-409.744","901.813","2.44616","-4.00562","-7.16719"
164,0,"-119.205","-408.546","902.999","2.09064","-4.04932","-7.07826"
165,0,"-119.544","-407.371","904.166","1.82267","-3.88557","-7.0278"
166,0,"-120.014","-405.477","905.523","1.60677","-3.81039","-6.81253"
167,0,"-120.244","-404.234","906.697","1.36547","-3.55009","-6.77679"
168,0,"-119.664","-402.278","906.028","0.68084","-3.19321","-6.78537"
169,0,"-119.993","-400.927","907.2","0.389795","-3.08449","-6.70347"
170,0,"-120.207","-399.483","908.419","0.16827","-2.82649","-6.66157"
171,0,"-120.422","-398.086","909.576","-0.0544284","-2.62584","-6.59676"
172,0,"-120.711","-396.635","910.692","-0.372275","-2.64568","-6.4809"
173,0,"-120.953","-395.14","911.778","-0.659653","-2.63406","-6.3713"
174,0,"-121.13","-393.499","912.918","-0.888883","-2.46394","-6.31612"
175,0,"-121.247","-391.831","913.965","-1.08887","-2.27787","-6.25245"
176,0,"-121.539","-390.046","915.012","-1.43873","-2.40576","-6.13126"
177,0,"-121.659","-388.232","915.942","-1.71583","-2.42313","-6.00719"
178,0,"-121.865","-386.347","916.872","-2.02299","-2.50946","-5.88377"
179,0,"-121.91","-384.413","917.804","-2.17954","-2.27344","-5.85306"
180,0,"-122.116","-382.464","918.592","-2.48956","-2.43763","-5.71109"
181,0,"-122.175","-380.438","919.39","-2.65459","-2.26948","-5.665"
182,0,"-122.3","-378.467","920.062","-2.86871","-2.29238","-5.56487"
183,0,"-122.411","-376.435","920.706","-3.03846","-2.24377","-5.49286"
184,0,"-122.45","-374.456","921.237","-3.15513","-2.14395","-5.42219"
185,0,"-122.519","-372.461","921.702","-3.27083","-2.09135","-5.33749"
186,0,"-122.468","-370.501","922.084","-3.30191","-1.90273","-5.2773"
187,0,"-122.586","-368.493","922.481","-3.39098","-1.86919","-5.19447"
188,0,"-122.713","-366.528","922.77","-3.53997","-2.03315","-5.05023"
189,0,"-122.519","-364.601","923.079","-3.41085","-1.58387","-5.07464"
190,0,"-122.564","-362.728","923.219","-3.54803","-1.84286","-4.89415"
191,0,"-122.306","-360.967","923.322","-3.40246","-1.47228","-4.88824"
192,0,"-122.227","-359.176","923.389","-3.41039","-1.48415","-4.78978"
193,0,"-122.115","-357.392","923.39","-3.43851","-1.54957","-4.67545"
194,0,"-121.924","-355.737","923.298","-3.39882","-1.53602","-4.58206"
195,0,"-121.886","-354.125","923.12","-3.4872","-1.86026","-4.4031"
196,0,"-121.735","-352.491","922.905","-3.51163","-2.02732","-4.26434"
197,0,"-121.468","-350.864","922.803","-3.33559","-1.69527","-4.2949"
198,0,"-121.392","-349.347","922.487","-3.37211","-1.95378","-4.14541"
199,0,"-121.098","-347.917","922.101","-3.26314","-1.88155","-4.07671"
200,0,"-121.041","-346.413","921.804","-3.26948","-2.0356","-3.97716"
201,0,"-120.773","-345.011","921.456","-3.13785","-1.84185","-3.96577"
202,0,"-120.473","-343.687","921.025","-3.08322","-1.87655","-3.87074"
203,0,"-120.337","-342.452","920.679","-3.06689","-1.96513","-3.79661"
204,0,"-120.124","-341.278","920.31","-3.05526","-2.04738","-3.69408"
205,0,"-119.889","-340.158","920.006","-3.07332","-2.17047","-3.59613"
206,0,"-119.601","-339.033","919.728","-3.14551","-2.38118","-3.44924"
207,0,"-119.493","-338.033","919.558","-3.24132","-2.59618","-3.35322"
208,0,"-119.149","-337.139","919.304","-3.30887","-2.77007","-3.20938"
209,0,"-119.001","-336.233","919.28","-3.47149","-3.07439","-3.10105"
210,0,"-118.757","-335.429","919.22","-3.61139","-3.32931","-2.96559"
211,0,"-118.711","-334.666","919.197","-3.94148","-4.03032","-2.71545"
212,0,"-118.484","-334.025","919.306","-4.00747","-4.07394","-2.67292"
213,0,"-118.217","-333.462","919.391","-4.01862","-3.9649","-2.65357"
214,0,"-118.134","-332.95","919.445","-4.09836","-4.03428","-2.58221"
215,0,"-118.175","-332.385","919.637","-4.16251","-3.98981","-2.56025"
216,0,"-118.092","-332.038","919.738","-4.15212","-3.82264","-2.57276"
217,0,"-118.103","-331.688","919.991","-4.10228","-3.50465","-2.65415"
218,0,"-118.009","-331.504","920.206","-4.02886","-3.17931","-2.72268"
219,0,"-118.04","-331.377","920.484","-4.02953","-3.04996","-2.73579"
220,0,"-118.157","-331.334","920.827","-4.01052","-2.88993","-2.76175"
221,0,"-118.329","-331.259","921.235","-4.0557","-2.84991","-2.75454"
222,0,"-118.43","-331.303","921.547","-4.03968","-2.70756","-2.75913"
223,0,"-118.362","-331.384","921.833","-3.94893","-2.36233","-2.81132"
224,0,"-118.528","-331.44","922.115","-4.0088","-2.3735","-2.77709"
225,0,"-118.689","-331.498","922.356","-4.07352","-2.38647","-2.73826"
226,0,"-118.772","-331.578","922.51","-4.15726","-2.45229","-2.67092"
227,0,"-118.93","-331.654","922.69","-4.25226","-2.54186","-2.61676"
228,0,"-118.828","-331.833","922.746","-4.25621","-2.45068","-2.58058"
229,0,"-118.995","-331.85","922.889","-4.43847","-2.74608","-2.46126"
230,0,"-119.133","-331.937","922.993","-4.61171","-3.05521","-2.32894"
231,0,"-119.128","-332.027","923.059","-4.69859","-3.14713","-2.25271"
232,0,"-119.21","-332.114","923.134","-4.82927","-3.34181","-2.15923"
233,0,"-119.219","-332.25","923.179","-4.88086","-3.35508","-2.12264"
234,0,"-119.347","-332.348","923.261","-4.96814","-3.44341","-2.08034"
235,0,"-119.388","-332.49","923.306","-4.99383","-3.39016","-2.07555"
236,0,"-119.481","-332.644","923.339","-5.04128","-3.40406","-2.06025"
237,0,"-119.491","-332.838","923.319","-5.05272","-3.35075","-2.05992"
238,0,"-119.526","-333.034","923.266","-5.08006","-3.33706","-2.05404"
239,0,"-119.528","-333.245","923.165","-5.07748","-3.25934","-2.06674"
240,0,"-119.637","-333.43","923.013","-5.1816","-3.46775","-1.99653"
241,0,"-119.676","-333.682","922.83","-5.17618","-3.42478","-2.00699"
242,0,"-119.754","-333.936","922.629","-5.20009","-3.4716","-1.99811"
243,0,"-119.726","-334.217","922.341","-5.22122","-3.55359","-1.95776"
244,0,"-119.814","-334.473","922.122","-5.25784","-3.6682","-1.92282"
245,0,"-119.789","-334.713","921.848","-5.30235","-3.81567","-1.86243"
246,0,"-119.739","-335.007","921.572","-5.27935","-3.81809","-1.85184"
247,0,"-119.565","-335.329","921.223","-5.26596","-3.88243","-1.80207"
248,0,"-119.56","-335.641","920.941","-5.26576","-3.97611","-1.77558"
249,0,"-119.547","-335.978","920.604","-5.31099","-4.22593","-1.69818"
250,0,"-119.357","-336.31","920.238","-5.30122","-4.33647","-1.64168"
251,0,"-119.172","-336.626","919.89","-5.27441","-4.40846","-1.60028"
252,0,"-118.976","-337.014","919.444","-5.26195","-4.57261","-1.529"
253,0,"-118.892","-337.375","919.07","-5.23355","-4.6774","-1.49485"
254,0,"-118.675","-337.673","918.606","-5.24795","-4.91538","-1.39255"
255,0,"-118.417","-337.992","918.181","-5.17376","-4.92485","-1.36147"
256,0,"-118.334","-338.338","917.73","-5.17963","-5.17038","-1.28322"
257,0,"-118.19","-338.612","917.292","-5.20937","-5.45388","-1.17715"
258,0,"-117.997","-338.904","916.917","-5.15906","-5.53088","-1.14023"
259,0,"-117.768","-339.228","916.496","-5.11627","-5.65771","-1.07114"
260,0,"-117.553","-339.554","916.141","-5.02055","-5.62588","-1.06954"
261,0,"-117.288","-339.828","915.752","-4.99433","-5.77775","-0.986075"
262,0,"-117.049","-340.105","915.358","-4.96967","-5.9267","-0.910721"
263,0,"-116.941","-340.344","915.043","-4.93647","-6.01729","-0.896234"
264,0,"-116.641","-340.602","914.611","-4.89872","-6.14288","-0.826182"
265,0,"-116.26","-340.831","914.208","-4.81176","-6.13006","-0.791292"
266,0,"-116.13","-340.993","913.889","-4.78513","-6.24795","-0.76011"
267,0,"-115.927","-341.21","913.478","-4.75169","-6.40213","-0.703153"
268,0,"-115.752","-341.262","913.166","-4.73825","-6.53991","-0.649303"
269,0,"-115.505","-341.379","912.832","-4.64881","-6.50956","-0.64621"
270,0,"-115.329","-341.488","912.508","-4.56913","-6.50596","-0.646392"
271,0,"-115.098","-341.555","912.178","-4.52132","-6.57751","-0.609373"
272,0,"-114.841","-341.563","911.897","-4.45552","-6.58099","-0.590187"
273,0,"-114.728","-341.556","911.638","-4.44828","-6.72716","-0.555142"
274,0,"-114.41","-341.512","911.384","-4.34855","-6.63665","-0.563163"
275,0,"-114.329","-341.467","911.155","-4.32268","-6.72915","-0.563226"
276,0,"-114.159","-341.404","910.89","-4.27756","-6.77933","-0.551543"
277,0,"-114.11","-341.322","910.61","-4.28043","-6.95441","-0.530147"
278,0,"-113.932","-341.174","910.384","-4.21689","-6.92994","-0.548905"
279,0,"-113.946","-341.059","910.105","-4.21035","-7.06699","-0.538149"
280,0,"-113.746","-340.919","909.834","-4.11246","-6.96885","-0.564173"
281,0,"-113.704","-340.749","909.605","-4.10976","-7.10053","-0.544277"
282,0,"-113.603","-340.562","909.407","-4.04839","-7.06887","-0.56769"
283,0,"-113.476","-340.38","909.295","-3.87807","-6.74927","-0.686926"
284,0,"-113.427","-340.179","909.135","-3.83116","-6.7612","-0.711406"
285,0,"-113.296","-339.971","908.96","-3.77619","-6.75761","-0.725408"
286,0,"-113.249","-339.753","908.786","-3.72294","-6.77389","-0.749506"
287,0,"-113.155","-339.54","908.57","-3.66299","-6.77886","-0.770034"
288,0,"-113.13","-339.335","908.344","-3.60288","-6.79239","-0.792993"
289,0,"-113.119","-339.086","908.112","-3.55388","-6.8165","-0.817083"
290,0,"-113.06","-338.858","907.806","-3.4911","-6.83578","-0.831166"
291,0,"-113.043","-338.593","907.509","-3.45207","-6.91233","-0.831105"
292,0,"-113.012","-338.373","907.171","-3.37137","-6.90119","-0.855403"
293,0,"-113.049","-338.108","906.866","-3.34872","-7.01841","-0.854155"
294,0,"-112.938","-337.848","906.536","-3.3035","-7.10744","-0.832404"
295,0,"-112.85","-337.644","906.192","-3.24167","-7.15881","-0.830715"
296,0,"-112.842","-337.382","905.891","-3.21615","-7.27743","-0.820878"
297,0,"-112.776","-337.097","905.58","-3.19549","-7.41389","-0.7869"
298,0,"-112.602","-336.899","905.181","-3.11985","-7.44974","-0.769481"
299,0,"-112.505","-336.624","904.842","-3.09584","-7.57056","-0.737268"
300,0,"-112.248","-336.359","904.447","-3.0462","-7.64509","-0.683573"
301,0,"-112.181","-336.17","904.094","-2.9814","-7.67769","-0.67808"
302,0,"-111.914","-335.941","903.715","-2.90999","-7.69885","-0.633786"
303,0,"-111.93","-335.686","903.432","-2.86619","-7.77319","-0.632646"
304,0,"-111.763","-335.47","903.102","-2.80553","-7.81638","-0.599746"
305,0,"-111.542","-335.295","902.748","-2.71849","-7.83033","-0.564023"
306,0,"-111.45","-335.092","902.463","-2.65948","-7.89583","-0.537509"
307,0,"-111.269","-334.942","902.103","-2.62988","-8.08841","-0.448548"
308,0,"-111.155","-334.8","901.836","-2.45783","-7.89905","-0.50123"
309,0,"-110.964","-334.698","901.463","-2.34635","-7.9158","-0.466806"
310,0,"-110.886","-334.571","901.118","-2.23652","-7.9369","-0.454933"
311,0,"-110.797","-334.514","900.703","-2.09518","-7.92464","-0.447616"
312,0,"-110.683","-334.445","900.223","-1.9608","-7.95107","-0.417274"
313,0,"-110.589","-334.423","899.676","-1.80071","-7.94822","-0.395699"
314,0,"-110.513","-334.401","899.082","-1.63395","-7.94204","-0.367418"
315,0,"-110.42","-334.41","898.387","-1.45654","-7.9551","-0.328142"
316,0,"-110.336","-334.494","897.581","-1.23698","-7.91718","-0.305111"
317,0,"-110.279","-334.566","896.696","-1.02848","-7.95425","-0.265643"
318,0,"-110.377","-334.639","895.78","-0.871498","-8.13014","-0.217873"
319,0,"-110.288","-334.853","894.64","-0.603517","-8.15982","-0.17499"
320,0,"-110.321","-335.037","893.446","-0.343953","-8.23473","-0.138558"
321,0,"-110.454","-335.236","892.147","-0.0986188","-8.37471","-0.103502"
322,0,"-110.621","-335.455","890.732","0.170523","-8.49867","-0.0769213"
323,0,"-110.851","-335.717","889.208","0.439807","-8.67227","-0.0408931"
324,0,"-111.025","-336.09","887.5","0.757246","-8.80677","-0.0031162"
325,0,"-111.343","-336.425","885.832","1.04838","-8.98925","0.0154726"
326,0,"-111.646","-336.915","884.001","1.38086","-9.19079","0.0462894"
327,0,"-112.04","-337.395","882.165","1.69609","-9.44041","0.0655408"
328,0,"-112.447","-337.967","880.231","2.03585","-9.68549","0.0786926"
329,0,"-112.855","-338.563","878.228","2.38518","-9.95802","0.0909655"
330,0,"-113.268","-339.237","876.144","2.77336","-10.184","0.0904421"
331,0,"-113.7","-339.931","873.988","3.16031","-10.4166","0.0829342"
332,0,"-114.12","-340.729","871.733","3.56622","-10.6562","0.0871355"
333,0,"-114.538","-341.553","869.447","3.97068","-10.8754","0.0836514"
334,0,"-115.045","-342.551","867.021","4.38404","-11.1318","0.0856977"
335,0,"-115.495","-343.492","864.602","4.77781","-11.4038","0.094744"
336,0,"-116.019","-344.5","862.089","5.15587","-11.7355","0.0958409"
337,0,"-116.583","-345.555","859.519","5.50903","-12.1394","0.0945232"
338,0,"-117.156","-346.651","856.889","5.84784","-12.5906","0.080891"
339,0,"-117.775","-347.824","854.21","6.16608","-13.1242","0.0534991"
340,0,"-118.418","-349.153","851.412","6.49728","-13.6673","0.0100427"
341,0,"-119.045","-350.561","848.545","6.84769","-14.1914","-0.0446091"
342,0,"-119.672","-352.028","845.573","7.21941","-14.6909","-0.110047"
343,0,"-120.29","-353.612","842.436","7.60518","-15.1873","-0.176778"
344,0,"-120.833","-355.279","839.182","8.02553","-15.6262","-0.25272"
345,0,"-121.34","-357.033","835.832","8.46632","-16.0452","-0.333773"
346,0,"-121.821","-358.936","832.369","8.92851","-16.4639","-0.413662"
347,0,"-122.262","-360.985","828.796","9.43003","-16.8417","-0.501691"
348,0,"-122.636","-363.11","825.175","9.97081","-17.1839","-0.593241"
349,0,"-123.015","-365.489","821.287","10.52","-17.5954","-0.679663"
350,0,"-123.336","-367.874","817.347","11.0861","-18.0134","-0.769491"
351,0,"-123.644","-370.469","813.162","11.6682","-18.4767","-0.855147"
352,0,"-123.96","-373.086","808.895","12.2185","-19.0599","-0.934535"
353,0,"-124.308","-376.456","804.247","12.8049","-19.575","-1.03872"
354,0,"-124.882","-379.7","799.914","13.4711","-20.2138","-1.0494"
355,0,"-125.159","-382.745","795.332","14.0604","-20.9062","-1.11147"
356,0,"-129.647","-383.435","788.079","13.9579","-21.5928","0.297199"
357,0,"-130.191","-386.474","783.278","14.4159","-22.5061","0.349725"
358,0,"-130.701","-389.529","778.606","14.8662","-23.4476","0.409906"
359,0,"-130.797","-392.851","774.146","15.3057","-24.4099","0.345084"
360,0,"-130.37","-396.286","769.506","15.6273","-25.3514","0.18037"
361,0,"-130.038","-399.769","765.163","15.9883","-26.2756","0.037443"
362,0,"-130.018","-403.208","760.934","16.3206","-27.2059","-0.0301029"
363,0,"-130.221","-406.638","757.133","16.6752","-28.2499","-0.0522747"
364,0,"-130.207","-410.071","753.281","17.0164","-29.11","-0.0846072"
365,0,"-130.421","-413.483","749.829","17.4582","-29.831","-0.0539508"
366,0,"-130.688","-416.75","746.22","17.7727","-30.507","-0.00272915"
367,0,"-131.288","-419.94","743.135","18.1805","-31.1318","0.137657"
368,0,"-131.648","-423.047","739.991","18.4763","-31.689","0.228045"
369,0,"-131.962","-426.081","737.154","18.7756","-32.178","0.325108"
370,0,"-131.843","-429.327","734.582","19.0395","-32.6186","0.270628"
371,0,"-131.678","-432.629","732.734","19.3946","-33.0381","0.167341"
372,0,"-131.144","-435.73","730.446","19.5957","-33.2885","0.0537045"
373,0,"-130.853","-438.777","728.844","19.8874","-33.5442","-0.0398265"
374,0,"-130.245","-441.804","727.105","20.122","-33.6483","-0.169977"
375,0,"-129.684","-444.732","725.765","20.4099","-33.7247","-0.294963"
376,0,"-129.189","-447.621","724.697","20.7367","-33.7981","-0.41429"
377,0,"-128.83","-450.374","723.828","21.0827","-33.8531","-0.484554"
378,0,"-128.199","-452.975","722.515","21.2299","-33.9067","-0.601779"
379,0,"-127.856","-455.566","721.748","21.4572","-34.0214","-0.701232"
380,0,"-127.577","-458.201","721.559","21.7065","-34.227","-0.876982"
381,0,"-126.923","-460.737","721.298","21.7681","-34.4252","-1.21077"
382,0,"-126.397","-463.312","721.719","21.8781","-34.6178","-1.62186"
383,0,"-125.872","-465.797","722.256","21.887","-34.7665","-2.08338"
384,0,"-125.576","-468.105","723.053","21.8995","-34.7461","-2.52233"
385,0,"-124.883","-470.485","724.175","21.9357","-34.4811","-3.09437"
386,0,"-126","-472.05","725.376","21.9601","-34.1436","-3.21972"
387,0,"-127.402","-473.385","727.137","22.0058","-33.7677","-3.33553"
388,0,"-129.251","-474.655","729.604","22.0428","-33.4866","-3.49732"
389,0,"-130.149","-476.041","731.844","21.9158","-32.8855","-3.91325"
390,0,"-131.31","-477.482","734.987","21.8293","-32.3624","-4.42042"
391,0,"-132.72","-478.645","738.38","21.5789","-31.8779","-4.96704"
392,0,"-134.836","-479.374","742.209","21.3501","-31.2431","-5.39586"
393,0,"-137.706","-479.662","746.54","21.0573","-30.6261","-5.74264"
394,0,"-141.007","-479.918","751.939","20.8931","-30.0002","-6.1108"
395,0,"-143.684","-480.097","757.014","20.5396","-29.1015","-6.64914"
396,0,"-146.515","-480.036","762.301","20.0969","-28.0937","-7.19752"
397,0,"-149.614","-479.955","768.642","19.7968","-27.0686","-7.76536"
398,0,"-152.951","-479.612","775.105","19.438","-25.9025","-8.2838"
399,0,"-156.37","-479.161","782.04","19.0708","-24.6934","-8.83897"
400,0,"-159.529","-478.702","789.041","18.6831","-23.2777","-9.45272"
401,0,"-162.81","-478.058","796.754","18.4238","-21.7822","-10.0429"
402,0,"-165.871","-477.429","804.269","18.0112","-20.2586","-10.7453"
403,0,"-168.722","-476.811","812.173","17.6803","-18.6259","-11.5161"
404,0,"-171.436","-476.376","820.26","17.3167","-16.994","-12.4288"
405,0,"-174.432","-475.415","828.375","16.8995","-15.3783","-13.1967"
406,0,"-177.39","-474.221","836.657","16.474","-13.803","-13.9357"
407,0,"-180.443","-472.958","845.268","16.0648","-12.3402","-14.6804"
408,0,"-183.103","-471.759","853.807","15.625","-10.8701","-15.5468"
409,0,"-185.857","-470.105","862.361","15.161","-9.39523","-16.3455"
410,0,"-188.553","-468.327","870.773","14.6626","-7.92862","-17.1642"
411,0,"-191.162","-466.259","879.197","14.1964","-6.44412","-17.9593"
412,0,"-193.845","-463.792","887.579","13.6669","-5.02915","-18.703"
413,0,"-196.374","-461.046","895.756","13.1995","-3.53514","-19.4257"
414,0,"-198.707","-458.138","903.897","12.7642","-2.10344","-20.1848"
415,0,"-200.841","-455.038","912.018","12.431","-0.662875","-20.9395"
416,0,"-202.939","-451.787","920.013","12.0981","0.685967","-21.6954"
417,0,"-204.811","-448.436","927.757","11.8936","2.11746","-22.4337"
418,0,"-206.538","-445.015","935.267","11.7315","3.53801","-23.1819"
419,0,"-208.053","-441.481","942.428","11.5904","4.92405","-23.9397"
420,0,"-209.339","-437.829","949.131","11.3977","6.20128","-24.6871"
421,0,"-210.422","-434.205","955.383","11.1925","7.39412","-25.4406"
422,0,"-211.291","-430.52","961.26","11.0256","8.59055","-26.2201"
423,0,"-211.98","-427.163","966.416","10.8258","9.74888","-27.1033"
424,0,"-212.53","-423.827","971.191","10.7267","10.9389","-27.9993"
425,0,"-213.17","-420.564","975.418","10.7458","12.0256","-28.7883"
426,0,"-212.71","-418.272","966.62","8.08698","15.0501","-30.408"
427,0,"-214.055","-413.168","970.229","8.37178","16.0112","-30.5732"
428,0,"-215.36","-407.457","974.075","8.76211","16.644","-30.5873"
429,0,"-215.109","-403.847","976.541","9.17875","17.2429","-31.2725"
430,0,"-216.278","-398.98","974.351","9.4845","18.9476","-31.8909"
431,0,"-217.746","-392.953","971.887","10.0082","19.7814","-32.2709"
432,0,"-219.808","-388.002","970.188","10.7772","19.8713","-32.7478"
433,0,"-221.465","-381.342","970.157","12.0158","19.1839","-32.5975"
434,0,"-223.298","-373.505","968.753","13.126","18.215","-32.0125"
435,0,"-221.529","-372.925","960.696","13.6715","17.8481","-34.0365"
436,0,"-219.176","-372.999","952.556","14.6097","16.9481","-36.4596"
437,0,"-217.337","-369.877","945.882","15.565","14.9515","-37.463"
438,0,"-217.281","-364.144","940.687","16.0635","11.9588","-37.698"
439,0,"-217.077","-358.609","932.818","16.5853","9.57782","-37.9541"
440,0,"-215.726","-354.806","921.45","16.8734","7.82625","-38.7559"
441,0,"-213.199","-350.832","909.862","18.2117","6.55485","-39.5684"
442,0,"-210.518","-346.925","897.771","19.6103","5.05863","-40.4317"
443,0,"-207.94","-341.804","886.406","21.1691","3.15862","-40.9568"
444,0,"-204.44","-335.857","873.806","22.6115","1.36382","-41.5241"
445,0,"-197.834","-332.973","851.747","22.3459","1.1025","-43.6603"
446,0,"-191.966","-327.434","835.035","23.2887","-0.334414","-44.5685"
447,0,"-185.251","-320.715","817.971","24.3763","-1.70373","-45.1674"
448,0,"-177.923","-313.165","801.386","25.6759","-3.34989","-45.4212"
449,0,"-170.205","-304.26","784.907","27.1578","-5.11602","-45.1045"
450,0,"-161.849","-295.011","768.78","28.5034","-7.40072","-44.6285"
451,0,"-151.755","-286.834","751.878","29.9992","-9.6356","-44.5964"
452,0,"-139.236","-281.27","733.239","30.9742","-11.9318","-45.8253"
453,0,"-126.188","-274.757","715.212","32.1139","-14.4634","-46.7071"
454,0,"-445.189","-315.411","483.222","-88.1778","104.262","17.8776"
455,0,"-420.925","-299.872","450.021","-86.5828","102.958","15.165"
456,0,"-394.443","-285.767","417.317","-85.438","101.367","12.4944"
457,0,"-63.7609","-244.232","643.503","36.1898","-25.0056","-49.3457"
458,0,"-44.6357","-237.256","625.379","37.2058","-27.3364","-50.3224"
459,0,"-24.751","-229.32","608.046","38.3265","-29.6588","-50.9101"
460,0,"-4.05906","-220.893","591.542","39.5561","-31.9145","-51.2011"
461,0,"17.5418","-213.245","575.668","40.9837","-34.0944","-51.5312"
462,0,"40.0655","-205.896","560.574","42.3024","-36.2855","-51.9832"
463,0,"63.2717","-198.308","546.389","43.5832","-38.467","-52.3374"
464,0,"86.3707","-188.921","533.854","44.7486","-40.9646","-52.0937"
465,0,"110.832","-180.97","521.323","45.7532","-43.3577","-52.3052"
466,0,"136.256","-174.05","509.608","46.69","-45.6706","-52.965"
467,0,"161.403","-166.414","499.167","47.6755","-48.2328","-53.0732"
468,0,"187.511","-160.028","489.504","48.5536","-50.6186","-53.6895"
469,0,"213.674","-153.567","480.88","49.4907","-53.0647","-54.1244"
470,0,"240.56","-147.994","473.281","50.3276","-55.3139","-54.9481"
471,0,"267.359","-142.02","466.722","51.1962","-57.5675","-55.3188"
472,0,"294.394","-136.807","461.058","52.0194","-59.7362","-55.8468"
473,0,"321.227","-131.624","456.58","52.7542","-61.9801","-56.3306"
474,0,"347.892","-126.68","453.153","53.4846","-64.205","-56.7963"
475,0,"374.566","-121.676","450.744","54.0774","-66.3443","-57.1939"
476,0,"400.73","-117.338","449.379","54.8367","-68.4411","-57.5406"
477,0,"426.311","-113.632","449.017","55.7964","-70.5041","-57.8214"
478,0,"451.412","-110.005","449.606","56.8222","-72.4736","-57.8846"
479,0,"625.127","-10.5085","139.836","-119.856","-97.4652","42.5642"
480,0,"499.51","-102.977","453.424","58.8555","-76.3912","-57.5409"
481,0,"522.089","-100.341","456.376","59.9559","-78.4035","-57.3625"
482,0,"543.451","-98.26","459.866","61.0064","-80.5374","-57.4382"
483,0,"563.796","-96.3545","463.881","62.0386","-82.6843","-57.5086"
484,0,"583.1","-95.0394","468.346","63.2621","-84.7345","-57.5072"
485,0,"821.204","-2.62212","205.545","-130.007","-98.3078","27.0861"
486,0,"849.065","-3.19473","219.53","-131.709","-98.2209","24.3604"
487,0,"746.474","5.82771","113.664","-37.1137","62.4137","-35.7759"
488,0,"767.99","7.38245","120.497","-36.398","62.1391","-36.2958"
489,0,"666.941","-89.6406","493.776","66.4605","-92.4193","-58.7089"
490,0,"681.292","-89.52","498.432","66.6526","-93.2667","-59.1722"
491,0,"693.294","-88.2153","503.647","66.7574","-94.5562","-59.375"
492,0,"703.442","-87.3813","507.891","67.0188","-95.8475","-59.6188"
493,0,"712.853","-86.6723","511.981","67.0389","-96.6267","-60.0692"
494,0,"720.54","-86.2805","515.354","67.3406","-97.4546","-60.3156"
495,0,"726.186","-84.7613","518.317","67.4432","-98.5095","-60.348"
496,0,"730.736","-83.8329","520.62","67.6254","-99.353","-60.4029"
497,0,"734.166","-82.0282","522.868","67.2922","-100.285","-60.7682"
498,0,"736.212","-80.3324","524.459","67.0752","-100.956","-60.7975"
499,0,"737.684","-78.4073","525.862","66.5594","-101.388","-60.8307"
500,0,"736.928","-78.1046","525.889","66.8963","-101.457","-60.4921"
501,0,"734.988","-78.106","525.47","67.2454","-101.377","-60.4172"
502,0,"732.528","-77.0213","524.875","66.8421","-101.281","-60.3216"
503,0,"728.222","-76.9548","523.339","66.7214","-101.134","-60.5281"
504,0,"999.143","-19.7177","299.695","-141.585","-89.6746","12.4295"
505,0,"990.403","-19.9514","294.566","-141.384","-89.2802","13.0798"
506,0,"979.906","-20.1741","288.407","-140.823","-88.7026","13.4429"
507,0,"967.644","-20.4694","281.433","-140.473","-88.3382","14.2474"
508,0,"953.648","-21.2185","273.591","-140.108","-87.7108","15.1216"
509,0,"937.93","-21.9254","265.14","-139.849","-87.2387","16.3573"
510,0,"920.413","-22.1097","256.13","-139.303","-86.9545","17.5383"
511,0,"901.346","-21.886","247.37","-138.77","-86.8775","18.7904"
512,0,"880.335","-21.9305","237.885","-138.301","-86.8291","20.5056"
513,0,"857.523","-21.9757","228.045","-137.505","-86.5675","22.0216"
514,0,"832.965","-21.4131","218.2","-136.483","-86.5661","23.584"
515,0,"806.697","-20.9672","208.338","-135.479","-86.6121","25.4101"
516,0,"778.655","-20.6017","198.33","-134.314","-86.5264","27.3102"
517,0,"749.002","-20.8461","188.461","-133.336","-86.4474","29.6703"
518,0,"717.848","-21.2776","178.909","-132.245","-86.327","32.0603"
519,0,"685.298","-21.7612","169.652","-130.894","-86.0908","34.2536"
520,0,"651.118","-23.8902","160.275","-129.724","-85.356","36.8214"
521,0,"616.014","-24.9368","152.39","-128.386","-85.1579","39.3431"
522,0,"579.621","-26.3052","145.127","-126.931","-84.8227","41.9121"
523,0,"541.855","-28.2923","138.351","-125.29","-84.125","44.3602"
524,0,"503.091","-30.6602","132.627","-123.731","-83.5234","47.2102"
525,0,"463.037","-33.7967","127.401","-121.96","-82.4485","49.9211"
526,0,"421.923","-36.7539","123.262","-119.885","-81.2098","52.3404"
527,0,"379.9","-40.2573","120.468","-117.891","-79.9735","55.1222"
528,0,"337.798","-43.5226","119.517","-115.86","-78.9311","57.8186"
529,0,"242.704","-101.302","471.108","38.7155","-65.7361","-66.2767"
530,0,"215.921","-102.819","476.393","37.33","-63.8579","-65.9871"
531,0,"190.171","-104.726","482.029","35.8377","-61.642","-65.8098"
532,0,"164.984","-107.342","488.089","34.336","-59.1709","-65.7886"
533,0,"140.193","-109.699","494.769","32.7666","-56.6175","-65.672"
534,0,"115.13","-111.863","502.522","31.5403","-54.2123","-65.3912"
535,0,"90.4736","-113.287","511.149","30.3118","-51.8808","-64.8744"
536,0,"66.7672","-115.087","520.227","28.8974","-49.4544","-64.6078"
537,0,"43.0833","-119.315","530.246","28.4657","-46.854","-64.5076"
538,0,"19.8751","-121.673","541.525","27.1881","-45.1276","-64.5771"
539,0,"-2.41342","-124.695","553.24","26.1181","-43.1951","-64.599"
540,0,"-23.5518","-126.448","564.922","24.6464","-41.3901","-64.2769"
541,0,"-43.4152","-128.075","576.221","23.0157","-39.3204","-63.9265"
542,0,"-62.6563","-129.408","588.099","21.2764","-37.4848","-63.5093"
543,0,"-82.6701","-130.122","602.515","19.9728","-36.5707","-62.8159"
544,0,"-100.02","-132.196","615.152","18.4949","-35.1172","-62.5558"
545,0,"-116.998","-134.039","628.569","17.5516","-33.8083","-62.1722"
546,0,"-132.651","-135.986","641.409","16.7438","-32.2624","-61.8033"
547,0,"-147.466","-137.93","654.429","16.0653","-30.7602","-61.4359"
548,0,"-161.305","-139.88","667.125","15.2817","-29.3825","-61.118"
549,0,"-174.312","-141.606","679.601","14.5086","-28.1027","-60.7829"
550,0,"-186.323","-144.003","691.573","13.9141","-26.6896","-60.6847"
551,0,"-197.465","-146.275","703.246","13.4391","-25.2846","-60.6094"
552,0,"-207.873","-148.022","714.777","13.0421","-24.0016","-60.4031"
553,0,"-217.485","-149.7","726.066","12.787","-22.7274","-60.1582"
554,0,"-226.34","-150.616","737.01","12.3561","-21.6656","-59.7619"
555,0,"-234.44","-151.303","747.529","11.9309","-20.7147","-59.3534"
556,0,"-241.687","-152.369","757.351","11.442","-19.8396","-59.1197"
557,0,"-248.135","-153.614","766.453","10.9793","-19.0098","-58.9517"
558,0,"-253.989","-154.338","775.094","10.5926","-18.2385","-58.6661"
559,0,"-259.188","-154.807","783.073","10.2748","-17.4706","-58.3554"
560,0,"-263.792","-155.321","790.538","10.0248","-16.7432","-58.1221"
561,0,"-267.94","-156.332","797.749","9.95474","-16.0843","-58.066"
562,0,"-271.449","-156.819","804.554","9.93691","-15.4775","-57.8807"
563,0,"-274.305","-157.13","810.571","9.83463","-14.9145","-57.6955"
564,0,"-276.557","-157.665","816.076","9.78298","-14.4218","-57.6175"
565,0,"-278.175","-158.126","820.852","9.69335","-13.9903","-57.5762"
566,0,"-279.242","-158.61","825.128","9.7835","-13.601","-57.58"
567,0,"-279.738","-159.184","828.443","9.82011","-13.2218","-57.6633"
568,0,"-280.005","-159.546","831.587","10.0936","-12.8804","-57.6921"
569,0,"-279.344","-159.489","833.372","10.1163","-12.5833","-57.6644"
570,0,"-278.423","-159.136","834.979","10.2475","-12.3908","-57.5622"
571,0,"-277.217","-158.813","836.52","10.5559","-12.3264","-57.462"
572,0,"-275.037","-158.731","836.435","10.6413","-12.1816","-57.5325"
573,0,"-272.724","-158.526","836.518","10.9518","-12.2344","-57.5723"
574,0,"-269.649","-158.013","835.199","11.1547","-12.2247","-57.5778"
575,0,"-266.334","-158.055","833.784","11.5778","-12.2672","-57.7543"
576,0,"-262.422","-157.256","831.542","12.0084","-12.343","-57.7013"
577,0,"-258.07","-157.111","828.756","12.4776","-12.4074","-57.8829"
578,0,"-253.077","-156.418","825.14","12.8597","-12.6038","-57.9045"
579,0,"-247.734","-155.842","821.197","13.2543","-12.861","-58.0243"
580,0,"-241.693","-155.528","816.279","13.5519","-13.1474","-58.224"
581,0,"-235.513","-154.488","811.607","14.0124","-13.6527","-58.1935"
582,0,"-228.757","-154.014","806.074","14.4332","-14.1025","-58.3645"
583,0,"-221.311","-152.876","799.792","14.763","-14.6696","-58.3573"
584,0,"-213.295","-152.126","792.772","15.1064","-15.2154","-58.4584"
585,0,"-204.908","-151.123","785.593","15.5011","-15.8891","-58.4974"
586,0,"-196.114","-149.72","778.166","15.9292","-16.6871","-58.4311"
587,0,"-186.844","-148.92","770.421","16.5387","-17.5243","-58.4745"
588,0,"-176.688","-148.021","761.662","16.9734","-18.3787","-58.5711"
589,0,"-166.098","-146.775","752.662","17.4794","-19.335","-58.5489"
590,0,"-154.926","-145.554","743.181","18.0012","-20.341","-58.5555"
591,0,"-143.183","-144.362","733.376","18.5454","-21.4397","-58.5854"
592,0,"-130.807","-143.171","723.145","19.1432","-22.6022","-58.6003"
593,0,"-117.816","-142.29","712.571","19.7941","-23.8311","-58.7279"
594,0,"-104.168","-141.484","701.545","20.4921","-25.0807","-58.889"
595,0,"-89.9686","-140.503","690.336","21.2845","-26.4124","-58.9903"
596,0,"-75.1571","-139.426","678.785","22.1167","-27.8183","-59.0589"
597,0,"-59.7493","-138.146","667.015","22.9739","-29.2793","-59.0879"
598,0,"-43.749","-136.981","655.038","23.8795","-30.8486","-59.1389"
599,0,"-26.9519","-136.008","642.638","24.8604","-32.346","-59.2346"
600,0,"-9.40022","-134.772","629.997","25.7263","-33.9279","-59.2917"
601,0,"8.79041","-133.685","617.38","26.9218","-35.4485","-59.2868"
602,0,"27.7415","-132.894","604.577","28.1799","-36.9726","-59.3399"
603,0,"47.3702","-131.911","591.859","29.4002","-38.6041","-59.3401"
604,0,"67.5887","-130.45","579.299","30.4865","-40.4239","-59.2263"
605,0,"88.5013","-129.25","566.763","31.5297","-42.3504","-59.1901"
606,0,"110.103","-128.54","554.325","32.6802","-44.268","-59.2227"
607,0,"132.45","-128.297","542.006","33.8541","-46.2235","-59.3474"
608,0,"155.389","-127.569","530.035","34.8945","-48.3323","-59.3977"
609,0,"178.972","-126.939","518.332","35.9431","-50.5066","-59.4614"
610,0,"203.339","-126.556","506.935","37.026","-52.633","-59.5042"
611,0,"228.159","-125.995","496.078","38.0618","-54.8462","-59.4538"
612,0,"253.564","-125.403","485.65","39.0258","-57.1187","-59.4373"
613,0,"279.562","-125.546","475.701","40.2022","-59.2677","-59.524"
614,0,"305.854","-125.1","466.459","41.3561","-61.4977","-59.3468"
615,0,"332.735","-124.692","457.779","42.4379","-63.6959","-59.1538"
616,0,"359.96","-124.773","449.844","43.5099","-65.8409","-59.0771"
617,0,"387.311","-124.906","442.742","44.5803","-68.0306","-58.9433"
618,0,"414.841","-125.081","436.455","45.4539","-70.3518","-58.897"
619,0,"442.119","-125.744","431.076","46.4142","-72.6637","-58.8885"
620,0,"468.718","-126.777","426.568","47.506","-74.9857","-58.8431"
621,0,"495.21","-127.96","422.917","48.5896","-77.1917","-58.7434"
622,0,"520.942","-128.128","420.198","49.4349","-79.7465","-58.4162"
623,0,"712.908","-82.9547","104.391","-129.249","-89.4426","44.2359"
624,0,"750.572","-85.9647","110.158","-131.064","-89.2321","41.1611"
625,0,"786.819","-89.8123","116.785","-132.989","-88.9365","38.4299"
626,0,"821.776","-93.57","124.965","-134.838","-88.7592","35.472"
627,0,"855.245","-98.7275","134.055","-137.009","-88.3324","32.7547"
628,0,"886.894","-105.862","143.704","-139.607","-87.4767","30.473"
629,0,"786.928","-96.4923","39.3499","-38.5536","65.9924","-46.427"
630,0,"820.838","-101.799","46.07","-37.0375","63.927","-48.2559"
631,0,"851.82","-108.668","53.0737","-35.4851","62.3072","-50.6392"
632,0,"874.025","-111.312","57.2951","-33.798","62.425","-51.8424"
633,0,"893.365","-113.644","61.0439","-32.7854","62.3399","-52.6979"
634,0,"911.004","-115.183","65.1011","-31.9528","62.0283","-53.2203"
635,0,"925.138","-117.202","67.8429","-31.6744","61.7727","-53.7075"
636,0,"935.747","-117.613","69.7929","-30.9891","62.1368","-54.2099"
637,0,"942.368","-118.259","70.0108","-30.4842","62.9112","-54.7525"
638,0,"946.333","-118.058","70.0876","-30.4248","63.4418","-54.8439"
639,0,"948.989","-120.108","70.6055","-30.2317","64.0118","-55.9772"
640,0,"950.85","-119.267","71.8555","-29.8464","64.0096","-56.2953"
641,0,"948.313","-117.09","72.479","-29.8024","64.4606","-56.2684"
642,0,"941.848","-114.647","72.0809","-29.9551","65.4588","-56.223"
643,0,"932.225","-111.873","70.4384","-29.7016","66.8264","-56.6307"
644,0,"920.103","-106.875","68.3627","-29.3804","68.2309","-56.6723"
645,0,"1023.4","-147.732","184.815","-149.293","-70.7862","22.0212"
646,0,"1007.55","-142.633","179.445","-148.504","-69.929","23.4659"
647,0,"988.1","-137.581","172.117","-147.683","-68.8957","25.886"
648,0,"967.117","-128.988","166.976","-146.227","-68.6049","27.3091"
649,0,"726.092","-105.796","446.077","42.8977","-99.8716","-71.1004"
650,0,"709.833","-98.2885","449.51","41.7494","-97.946","-71.4363"
651,0,"692.781","-92.0809","453.894","40.0915","-95.7318","-72.9648"
652,0,"854.718","-89.9429","150.03","-139.017","-65.4298","36.2228"
653,0,"821.149","-76.6667","149.669","-136.413","-65.0385","38.0908"
654,0,"785.52","-63.8459","151.733","-134.252","-64.7208","40.9101"
655,0,"747.651","-50.0366","155.388","-131.411","-63.9447","43.1839"
656,0,"707.901","-36.664","161.488","-128.688","-63.2788","46.3382"
657,0,"666.504","-22.7431","170.027","-125.483","-62.3009","49.2673"
658,0,"623.44","-8.82245","181.286","-121.985","-60.9302","52.1245"
659,0,"578.756","4.85773","195.357","-118.232","-59.1868","55.0119"
660,0,"532.994","18.9429","212.733","-114.181","-57.64","58.2592"
661,0,"488.836","34.0436","234.235","-109.915","-56.1887","60.4207"
662,0,"445.524","46.9061","259.296","-106.064","-54.5895","63.0395"
663,0,"404.038","59.6753","287.975","-102.115","-52.8798","65.1703"
664,0,"436.005","-14.8044","660.267","18.9428","-49.1285","-85.3519"
665,0,"421.342","-9.87198","687.743","16.6097","-45.4814","-85.5048"
666,0,"408.658","-5.6938","715.239","14.391","-41.3264","-85.466"
667,0,"396.764","-4.10794","742.817","12.3976","-36.844","-85.9986"
668,0,"385.444","-1.82342","773.623","10.9448","-33.3701","-86.1336"
669,0,"377.079","-0.415181","803.358","9.59206","-29.4065","-86.1825"
670,0,"369.709","-0.523313","833.385","8.49625","-25.7084","-86.4279"
671,0,"364.446","-0.419814","862.94","7.42037","-21.8732","-86.4923"
672,0,"360.525","-0.910156","892.144","6.53781","-18.0309","-86.5896"
673,0,"357.852","-2.34693","920.885","5.7318","-14.3036","-86.7637"
674,0,"356.846","-3.27771","949.386","4.70776","-10.8225","-86.682"
675,0,"356.871","-5.4232","977.226","3.81255","-7.36431","-86.8117"
676,0,"358.41","-7.92095","1004.55","2.9235","-4.07852","-86.914"
677,0,"361.629","-10.3269","1031.55","2.07914","-1.03111","-86.8458"
678,0,"365.616","-13.8975","1056.73","1.32455","2.23388","-87.0303"
679,0,"370.194","-18.3294","1080.71","0.532206","5.46435","-87.4246"
680,0,"376.16","-21.9921","1104.1","-0.081818","8.54976","-87.5487"
681,0,"382.994","-25.8295","1126.62","-0.493049","11.5725","-87.6918"
682,0,"390.468","-30.2526","1148.22","-0.82417","14.4933","-88.0077"
683,0,"398.665","-34.728","1168.71","-1.0561","17.3619","-88.3565"
684,0,"407.382","-39.3816","1188.15","-1.00619","20.225","-88.8287"
685,0,"416.497","-44.8298","1206.68","-1.11284","22.9326","-89.4886"
686,0,"426.474","-49.9809","1224.17","-1.12196","25.5753","-90.0371"
687,0,"436.882","-55.4875","1240.47","-1.17434","28.1394","-90.6832"
688,0,"447.603","-61.1507","1255.54","-1.30708","30.6229","-91.3474"
689,0,"459.027","-66.2609","1269.59","-1.37555","32.9563","-91.8169"
690,0,"470.628","-71.1748","1282.35","-1.51605","35.197","-92.2191"
691,0,"482.199","-75.9261","1293.7","-1.59283","37.4273","-92.6702"
692,0,"493.902","-80.7881","1304.08","-1.95225","39.4794","-93.0698"
693,0,"505.583","-85.9882","1313.47","-2.30114","41.4785","-93.5989"
694,0,"517.497","-90.7937","1321.85","-2.58261","43.3984","-94.0019"
695,0,"530.353","-94.5703","1329.63","-2.62822","45.1151","-94.038"
696,0,"542.239","-99.4708","1336.28","-2.89798","46.792","-94.3972"
697,0,"552.96","-105.241","1341.6","-3.38607","48.5995","-95.1476"
698,0,"493.95","-16.1807","1290.18","-99.3566","-29.3712","49.7386"
699,0,"504.805","-20.1058","1296.66","-98.2807","-27.9901","50.1183"
700,0,"516.129","-23.8781","1302.45","-97.2398","-26.6801","50.3109"
701,0,"597.58","-125.783","1356.43","-5.14261","54.5738","-97.0566"
702,0,"608.223","-130.424","1358.2","-5.10403","56.2148","-97.7208"
703,0,"618.562","-135.063","1359.39","-4.90577","57.7804","-98.5499"
704,0,"628.051","-140.111","1359.83","-4.61747","59.4349","-99.6542"
705,0,"636.906","-145.552","1359.66","-4.39134","61.085","-100.943"
706,0,"645.955","-150.672","1358.95","-4.07255","62.6585","-102.145"
707,0,"655.93","-154.897","1358.2","-3.64175","63.9043","-102.981"
708,0,"666.5","-158.708","1357.23","-3.08819","64.9067","-103.613"
709,0,"676.39","-162.942","1355.75","-2.43237","65.8925","-104.488"
710,0,"685.303","-167.731","1353.98","-1.75301","66.8204","-105.695"
711,0,"693.43","-172.774","1351.79","-1.09485","67.6828","-107.06"
712,0,"701.863","-177.616","1349.41","-0.545952","68.2854","-108.231"
713,0,"710.854","-181.997","1346.82","0.0612903","68.6559","-109.145"
714,0,"719.69","-186.332","1344","0.682665","68.9058","-110.05"
715,0,"727.458","-190.866","1340.85","1.33792","69.1855","-111.213"
716,0,"735.784","-194.668","1337.49","2.22165","69.3911","-112.085"
717,0,"744.577","-197.898","1333.9","3.25914","69.5257","-112.676"
718,0,"752.362","-201","1329.93","4.20691","69.7727","-113.379"
719,0,"759.233","-204.045","1325.74","4.74682","70.0411","-114.127"
720,0,"765.43","-206.29","1321.16","5.08732","70.5363","-114.719"
721,0,"771.147","-207.105","1315.85","5.36531","71.4419","-114.91"
722,0,"775.046","-207.48","1309.88","5.25377","72.7216","-115.2"
723,0,"735.289","-149.706","1673.21","98.5013","-20.1921","27.9036"
724,0,"744.877","-155.068","1668.08","99.5876","-20.191","26.5952"
725,0,"753.094","-161.211","1662.47","100.901","-20.2175","25.6764"
726,0,"759.42","-167.466","1656.73","102.303","-20.3897","25.3056"
727,0,"768.027","-173.918","1650.79","103.819","-20.24","24.0833"
728,0,"775.801","-180.242","1644.49","105.287","-20.1403","22.8344"
729,0,"784.412","-187.455","1637.8","106.997","-19.8844","21.1647"
730,0,"756.719","-62.5417","1632.2","-22.6067","-132.678","-92.944"
731,0,"761.314","-62.2394","1629.18","-22.4564","-132.382","-92.0881"
732,0,"794.52","-193.027","1251.25","1.60367","87.4846","-113.075"
733,0,"797.265","-193.423","1249.09","1.75702","87.5033","-113.625"
734,0,"800.081","-192.495","1247.1","2.30397","87.7588","-113.909"
735,0,"801.753","-191.359","1245.31","2.64425","88.1538","-114.325"
736,0,"802.954","-189.51","1243.59","2.57563","88.6078","-114.365"
737,0,"805.456","-188.138","1242.92","2.47623","88.6676","-114.221"
738,0,"805.365","-185.801","1242.15","2.17284","89.2898","-114.303"
739,0,"804.739","-184.529","1242.25","1.22548","89.807","-114.281"
740,0,"804.137","-181.776","1243.2","1.00077","90.5049","-114.348"
741,0,"805.525","-180.361","1244.86","0.593834","90.4641","-114.057"
742,0,"807.242","-178.237","1246.95","1.09418","90.6526","-114.115"
743,0,"807.802","-176.754","1249.45","1.27807","90.9011","-114.366"
744,0,"809.823","-174.982","1252.3","1.63023","90.9261","-114.229"
745,0,"812.273","-173.202","1255.51","1.95319","90.8861","-113.833"
746,0,"812.636","-171.048","1259.29","1.84573","91.3199","-113.541"
747,0,"811.387","-170.304","1264.33","1.37139","91.7645","-113.721"
748,0,"810.602","-169.392","1270.09","0.564519","92.2648","-113.383"
749,0,"810.67","-167.469","1275.85","1.13405","93.0981","-113.119"
750,0,"811.44","-167.109","1282.81","1.41864","93.7053","-112.971"
751,0,"812.277","-165.915","1290.16","1.98743","94.4902","-112.782"
752,0,"813.893","-166.414","1297.81","2.7268","95.0482","-112.569"
753,0,"815.509","-166.363","1305.93","3.43633","96.0454","-111.93"
754,0,"816.855","-166.614","1314.63","3.75094","97.1852","-110.941"
755,0,"818.48","-167.601","1323.96","4.11394","98.295","-109.842"
756,0,"818.917","-169.259","1333.72","4.09865","99.689","-108.705"
757,0,"819.408","-171.53","1343.89","4.03115","101.178","-107.401"
758,0,"819.163","-174.744","1354.43","3.66769","102.795","-106.014"
759,0,"819.929","-178.734","1365.24","3.64873","104.379","-104.496"
760,0,"822.096","-183.407","1376.23","4.23567","105.922","-102.953"
761,0,"823.512","-189.17","1387.45","4.77861","107.731","-101.629"
762,0,"826.252","-195.361","1398.57","5.72437","109.4","-99.9836"
763,0,"828.229","-202.605","1409.75","6.4879","111.294","-98.443"
764,0,"831.99","-210.38","1420.81","8.08311","113.109","-96.7896"
765,0,"832.878","-219.382","1431.67","8.56833","115.183","-95.2011"
766,0,"835.067","-228.322","1441.89","10.2672","117.39","-93.5543"
767,0,"835.679","-237.297","1452.49","11.2869","120.099","-91.5073"
768,0,"836.82","-248.158","1462.31","11.7732","122.109","-89.1169"
769,0,"836.095","-259.359","1471.74","11.679","124.33","-86.5309"
770,0,"834.078","-270.909","1480.85","11.6477","126.992","-84.0066"
771,0,"831.735","-283.153","1489.36","11.3299","129.431","-81.2022"
772,0,"829.552","-296.181","1497.37","10.7813","131.633","-78.1181"
773,0,"830.056","-309.573","1504.44","11.4182","133.544","-75.1542"
774,0,"830.575","-324.301","1510.39","12.3183","135.479","-72.6991"
775,0,"832.987","-339.548","1515.16","14.1236","137.221","-70.3475"
776,0,"835.3","-356.067","1518.6","15.701","138.691","-68.0757"
777,0,"837.549","-373.142","1520.93","17.4252","140.165","-65.9034"
778,0,"839.092","-390.771","1522","18.8403","141.596","-63.6489"
779,0,"839.664","-408.912","1521.46","20.0231","143.065","-61.586"
780,0,"837.95","-425.704","1516.19","20.7935","145.144","-59.4872"
781,0,"840.151","-437.008","1512.81","22.7741","146.507","-54.5422"
782,0,"838.251","-446.096","1511.7","24.11","149.023","-48.802"
783,0,"834.388","-455.335","1510.34","25.065","151.853","-43.0614"
784,0,"826.591","-464.888","1506.65","25.0667","155.288","-37.8746"
785,0,"820.86","-473.921","1501.61","25.3561","157.122","-31.9135"
786,0,"818.479","-481.684","1496.27","26.9382","157.94","-25.393"
787,0,"814.029","-488.986","1488.85","28.0252","158.648","-19.4746"
788,0,"806.647","-495.646","1480.13","28.174","159.36","-13.8639"
789,0,"796.243","-501.441","1471.52","27.6227","160.777","-8.15803"
790,0,"787.543","-505.761","1462.55","27.9689","161.838","-2.33967"
791,0,"781.21","-508.51","1453.69","29.3845","162.198","3.73422"
792,0,"774.263","-510.18","1444.83","30.723","162.45","9.85204"
793,0,"765.452","-510.792","1436.16","31.4208","163.645","15.8626"
794,0,"756.859","-575.338","1539.84","46.0287","-22.2969","29.3692"
795,0,"752.169","-580.932","1525.92","50.4126","-21.7566","28.2844"
796,0,"747.459","-584.688","1511.74","54.8608","-20.904","27.3371"
797,0,"775.595","-862.088","1243.38","-1.87898","31.849","-141.542"
798,0,"765.643","-842.904","1209.62","-2.70962","37.4384","-139.691"
799,0,"708.763","-484.997","1388.07","-31.6037","-167.049","-49.8599"
800,0,"696.547","-476.366","1383.11","-29.3475","-163.158","-54.3533"
801,0,"684.402","-465.471","1378.27","-27.2013","-159.673","-58.2041"
802,0,"672.231","-454.38","1375.8","-24.6003","-155.722","-62.0618"
803,0,"700.58","-555.392","1425.47","85.4974","-11.8682","26.6753"
804,0,"694.797","-544.216","1417.35","89.9132","-9.67026","27.0247"
805,0,"687.811","-530.893","1411.08","94.0516","-7.39702","28.0289"
806,0,"681.284","-516.218","1406.72","98.0877","-5.11704","28.9375"
807,0,"608.853","-389.222","1386.99","-7.70969","-135.636","-76.5729"
808,0,"596.12","-374.803","1394.31","-4.11566","-131.963","-78.7694"
809,0,"583.068","-360.321","1403.27","-0.378952","-128.443","-80.7431"
810,0,"569.32","-346.008","1413.8","3.55969","-125.208","-82.6048"
811,0,"555.196","-331.857","1425.87","7.65071","-122.152","-84.195"
812,0,"540.736","-317.649","1439.42","11.945","-119.36","-85.2417"
813,0,"526.606","-304.431","1454.33","16.2914","-116.682","-86.0564"
814,0,"512.615","-291.91","1470.62","20.5271","-114.414","-86.8425"
815,0,"496.893","-280.838","1487.42","25.8302","-112.344","-86.7389"
816,0,"481.91","-270.022","1505.07","30.4821","-110.617","-86.432"
817,0,"467.049","-259.067","1523.41","34.5341","-109.54","-85.8622"
818,0,"452.26","-248.401","1542.17","38.3162","-108.959","-84.6807"
819,0,"433.621","-243.38","1558.54","44.466","-108.502","-83.2631"
820,0,"415.218","-238.98","1574.24","50.1868","-108.641","-81.2958"
821,0,"396.116","-238.07","1588.05","57.4547","-108.722","-78.1046"
822,0,"377.42","-239.599","1599.9","65.1548","-108.981","-74.2003"
823,0,"587.33","-131.519","1302.44","-16.3402","55.7139","-46.2098"
824,0,"591.476","-125.095","1332.17","-16.9406","49.4399","-43.5657"
825,0,"595.953","-121.762","1362.92","-17.8838","42.7945","-41.3628"
826,0,"601.166","-126.28","1393.34","-18.6794","37.1","-41.8531"
827,0,"638.921","-142.901","1598.82","136.611","106.934","25.0515"
828,0,"289.75","-260.576","1664.17","99.5973","-116.308","-29.4117"
829,0,"276.751","-266.757","1675.48","102.134","-118.217","-17.4059"
830,0,"263.356","-273.337","1687.75","103.153","-120.095","-4.34179"
831,0,"248.468","-278.228","1701.01","101.761","-122.559","8.94678"
832,0,"231.402","-282.186","1714.91","98.9077","-126.118","19.9861"
833,0,"212.658","-290.763","1729.6","97.3865","-129.764","29.5486"
834,0,"191.752","-302.061","1747.41","96.2036","-132.982","37.8832"
835,0,"167.573","-310.578","1764.33","93.0331","-136.699","47.7257"
836,0,"139.575","-318.947","1780.67","88.6875","-140.909","57.7578"
837,0,"231.123","-429.04","1725.47","-100.908","-4.09907","114.391"
838,0,"nan","nan","nan","nan","nan","nan"
839,0,"36.0579","-349.014","1828.57","71.524","-151.41","87.6841"
840,0,"nan","nan","nan","nan","nan","nan"
841,0,"nan","nan","nan","nan","nan","nan"
842,0,"nan","nan","nan","nan","nan","nan"
843,0,"22.1407","-543.566","2025.45","59.9992","-21.5216","231.219"
844,0,"-130.632","-384.108","2266.17","19.6087","162.019","151.946"
845,0,"-261.276","-393.555","1871.55","-12.4281","104.084","-87.4886"
846,0,"-426.362","-251.853","2171.72","35.0794","-10.8598","53.5278"
847,0,"-527.236","-250.254","2135.7","30.2143","-18.0483","54.61"
848,0,"-623.54","-246.619","2087.35","25.191","-25.4433","54.8877"
849,0,"-510.837","-419.62","1791.85","16.502","77.7534","-88.0266"
850,0,"-571.236","-425.406","1753","23.5202","70.8515","-87.1953"
851,0,"-629.082","-431.837","1706.04","30.4877","63.92","-86.0271"
852,0,"-683.016","-438.5","1650.97","37.5453","57.127","-84.4618"
853,0,"-1039.25","-478.67","1802.32","94.8161","-49.8285","77.07"
854,0,"nan","nan","nan","nan","nan","nan"
855,0,"nan","nan","nan","nan","nan","nan"
856,0,"-831.226","-343.591","1350.54","-82.8777","-64.6335","-22.2141"
857,0,"nan","nan","nan","nan","nan","nan"
858,0,"nan","nan","nan","nan","nan","nan"
859,0,"nan","nan","nan","nan","nan","nan"
860,0,"nan","nan","nan","nan","nan","nan"
861,0,"-1099.25","-390.71","753.527","-41.6248","30.5396","76.857"
862,0,"-740.823","-554.264","863.812","125.352","25.589","-8.01901"
863,0,"-691.28","-567.081","791.408","129.932","29.155","6.6719"
864,0,"-635.466","-578.205","727.576","131.604","33.3727","21.3174"
865,0,"-575.191","-588.947","671.846","130.857","37.6555","34.9128"
866,0,"-513.085","-600.107","624.735","127.921","40.9499","46.8334"
867,0,"-448.779","-608.207","585.758","122.861","44.9835","57.2036"
868,0,"-384.469","-616.765","554.053","116.766","48.5135","66.1768"
869,0,"-320.205","-623.04","529.099","109.396","51.5031","72.7017"
870,0,"-257.682","-633.163","510.114","102.332","52.3494","77.9797"
871,0,"-195.622","-645.793","496.92","95.664","52.6973","82.5623"
872,0,"nan","nan","nan","nan","nan","nan"
873,0,"-204.015","-710.166","154.553","-83.4967","111.678","-19.7782"
874,0,"-18.1099","-686.989","489.712","76.9465","51.0612","92.0912"
875,0,"nan","nan","nan","nan","nan","nan"
876,0,"nan","nan","nan","nan","nan","nan"
877,0,"nan","nan","nan","nan","nan","nan"
878,0,"nan","nan","nan","nan","nan","nan"
879,0,"nan","nan","nan","nan","nan","nan"
880,0,"nan","nan","nan","nan","nan","nan"
881,0,"nan","nan","nan","nan","nan","nan"
882,0,"nan","nan","nan","nan","nan","nan"
883,0,"nan","nan","nan","nan","nan","nan"
884,0,"nan","nan","nan","nan","nan","nan"
885,0,"nan","nan","nan","nan","nan","nan"
886,0,"nan","nan","nan","nan","nan","nan"
887,0,"674.902","-852.445","533.783","-41.1238","63.8697","-58.3981"
888,0,"703.995","-852.859","580.364","-38.5665","60.7556","-59.1079"
889,0,"730.472","-852.294","627.701","-35.2289","57.64","-60.124"
890,0,"751.838","-851.091","674.501","-32.6941","54.5128","-60.4723"
891,0,"464.481","-803.35","902.864","10.408","-9.20708","106.913"
892,0,"467.911","-804.834","929.497","7.17011","-10.9278","107.691"
893,0,"469.565","-805.63","954.75","3.69054","-12.2645","108.197"
894,0,"469.8","-805.724","979.66","0.495215","-13.2719","108.52"
895,0,"468.77","-805.49","1003.52","-2.62413","-14.0938","108.693"
896,0,"467.85","-803.692","1023.31","-6.18636","-15.5917","108.452"
897,0,"465.037","-804.096","1044.8","-9.14738","-16.1928","108.729"
898,0,"461.567","-804.36","1065.2","-11.9306","-17.0047","108.934"
899,0,"457.253","-804.551","1084.72","-14.699","-17.5852","109.081"
900,0,"452.392","-803.98","1103.51","-17.1502","-18.1539","109.003"
901,0,"447.058","-803.23","1121.49","-19.4039","-18.7002","108.829"
902,0,"441.669","-800.967","1138.24","-21.5638","-19.4888","108.209"
903,0,"435.551","-800.24","1154.49","-23.5465","-20.2826","108.01"
904,0,"429.448","-799.994","1169.79","-25.6321","-20.4486","107.802"
905,0,"423.023","-799.475","1184.5","-27.6435","-20.7762","107.399"
906,0,"416.537","-799.402","1198.26","-29.5554","-21.1383","107.087"
907,0,"409.56","-799.195","1212.02","-31.1539","-21.3944","106.742"
908,0,"402.528","-798.689","1225.04","-32.6321","-21.7837","106.276"
909,0,"395.426","-798.063","1237.48","-33.8954","-22.4584","105.806"
910,0,"388.385","-796.893","1249.3","-35.0949","-23.0684","105.046"
911,0,"591.871","-828.929","1571.07","25.7761","-75.852","-65.6927"
912,0,"577.796","-829.866","1586.16","25.8216","-77.378","-66.1832"
913,0,"566.128","-830.675","1599.1","26.7335","-77.6271","-66.0068"
914,0,"553.548","-832.311","1611.88","27.425","-78.2569","-66.2174"
915,0,"541.173","-833.53","1623.82","28.1953","-78.8109","-66.1363"
916,0,"528.689","-835.614","1635.08","29.0407","-79.3263","-66.2726"
917,0,"443.97","-824.901","1253.8","-50.9172","91.8521","-46.4506"
918,0,"437.198","-824.319","1262.68","-50.1906","91.2182","-46.1721"
919,0,"430.091","-824.159","1270.92","-49.5793","90.6674","-45.9311"
920,0,"422.759","-823.956","1278.56","-49.0105","90.1488","-45.6055"
921,0,"415.855","-823.325","1285.63","-48.158","89.6507","-45.2601"
922,0,"408.307","-823.121","1291.98","-47.5993","89.2142","-44.863"
923,0,"400.822","-823.111","1297.77","-47.102","88.7136","-44.4229"
924,0,"277.964","-802.308","1359.97","-41.1943","-35.0546","101.583"
925,0,"270.167","-802.253","1363.74","-41.2211","-36.2511","101.035"
926,0,"261.383","-803.254","1367.24","-41.0297","-36.8948","100.929"
927,0,"253.618","-802.981","1369.92","-41.0495","-37.9159","100.234"
928,0,"245.061","-803.871","1372.19","-40.8897","-38.6322","99.9965"
929,0,"236.822","-804.326","1373.83","-40.7918","-39.5","99.5629"
930,0,"228.6","-804.531","1374.81","-40.6616","-40.3136","99.062"
931,0,"220.409","-804.717","1375.2","-40.5113","-41.1317","98.5561"
932,0,"212.424","-805.256","1374.77","-40.509","-41.9703","98.0705"
933,0,"204.17","-805.75","1373.88","-40.3895","-42.6307","97.6134"
934,0,"195.873","-806.263","1372.51","-40.2188","-43.2887","97.1628"
935,0,"187.797","-806.603","1370.55","-40.0536","-43.9253","96.6331"
936,0,"179.928","-807.288","1367.98","-39.9749","-44.4945","96.1162"
937,0,"172.332","-807.453","1364.83","-39.9198","-45.035","95.4159"
938,0,"164.412","-808.168","1361.27","-39.7724","-45.4501","94.8769"
939,0,"156.93","-808.376","1357.02","-39.6517","-45.8792","94.1606"
940,0,"150.046","-808.637","1351.93","-39.7329","-46.2986","93.3545"
941,0,"142.847","-808.981","1346.48","-39.6323","-46.6277","92.6269"
942,0,"135.909","-809.073","1340.41","-39.5756","-46.99","91.7626"
943,0,"128.599","-809.677","1333.68","-39.4649","-47.3405","91.1141"
944,0,"121.443","-809.869","1326.53","-39.2813","-47.6568","90.3366"
945,0,"115.479","-809.976","1317.89","-39.627","-47.8874","89.3431"
946,0,"109.419","-810.644","1308.89","-39.8109","-48.4696","88.6195"
947,0,"103.813","-811.947","1299.06","-40.3482","-48.8243","87.8656"
948,0,"100.253","-812.102","1288.57","-41.2838","-49.3206","86.4696"
949,0,"98.0607","-812.359","1276.86","-42.7855","-49.1536","84.6261"
950,0,"93.5098","-812.77","1266.59","-43.0573","-48.8606","83.3062"
951,0,"87.9468","-814.171","1256.3","-43.0081","-47.9571","82.3754"
952,0,"79.6862","-814.423","1247.92","-41.6791","-47.8433","81.5725"
953,0,"72.3788","-814.531","1239.5","-40.7512","-47.2324","80.3978"
954,0,"66.7972","-813.71","1230.43","-40.1827","-46.6537","78.524"
955,0,"58.3595","-815.056","1220.72","-38.9008","-46.5252","78.2135"
956,0,"50.2158","-816.747","1210.01","-37.7833","-45.7894","77.7865"
957,0,"43.336","-817.572","1199.25","-36.7946","-45.3462","76.7504"
958,0,"36.5511","-817.086","1187.53","-35.4236","-44.9804","75.7238"
959,0,"29.4574","-817.392","1175.22","-34.1486","-44.4242","74.7232"
960,0,"22.2655","-818.071","1162.22","-32.9056","-43.7326","73.7974"
961,0,"nan","nan","nan","nan","nan","nan"
962,0,"7.38829","-820.73","1133.74","-30.5343","-41.9289","72.2824"
963,0,"0.225449","-822.42","1118.2","-29.5425","-40.9934","71.5105"
964,0,"-6.83173","-823.058","1102.78","-28.2013","-39.9915","70.4625"
965,0,"-14.4101","-823.426","1087.58","-26.5225","-38.9606","69.5021"
966,0,"-22.7953","-823.755","1072.36","-24.6157","-37.6026","68.6011"
967,0,"-31.0488","-823.517","1057.3","-22.476","-36.575","67.5692"
968,0,"-39.792","-823.03","1041.83","-20.1501","-35.3124","66.5369"
969,0,"-49.2341","-822.268","1026.02","-17.528","-33.9295","65.6393"
970,0,"-58.1378","-821.485","1009.8","-14.9211","-32.5008","64.6015"
971,0,"-67.0786","-820.134","994.164","-11.9165","-31.0462","63.4054"
972,0,"-76.1709","-818.091","979.229","-8.31539","-29.5643","62.0638"
973,0,"-86.3814","-816.896","964.068","-4.37739","-28.17","61.1584"
974,0,"-95.3224","-815.37","946.89","-0.769741","-26.5185","59.9861"
975,0,"-104.416","-813.387","928.615","2.96039","-24.7172","58.8834"
976,0,"-113.631","-810.115","909.277","6.66231","-23.524","57.6691"
977,0,"-124.497","-804.769","886.442","9.30386","-22.0924","56.7465"
978,0,"39.2226","-1029.01","650.299","-6.59699","-140.199","191.831"
979,0,"18.8968","-1018.87","613.555","-6.04543","-142.377","187.937"
980,0,"-2.84404","-1007.72","577.201","-5.27179","-144.188","184.071"
981,0,"-167.659","-774.726","787.657","18.6044","-17.7185","51.9626"
982,0,"-178.826","-765","764.3","21.8393","-16.7558","50.3602"
983,0,"-191.199","-754.873","741.23","25.3498","-15.9958","48.9643"
984,0,"-204.717","-743.266","716.916","28.5784","-15.5514","47.7809"
985,0,"-218.666","-730.506","693.089","31.8676","-15.5264","46.4631"
986,0,"-232.389","-716.053","669.242","35.0546","-15.8253","44.7751"
987,0,"-247.255","-700.675","645.903","38.296","-16.3409","43.1095"
988,0,"-261.93","-683.465","622.862","41.4463","-16.6128","41.2208"
989,0,"-223.379","-768.597","261.98","8.39005","112.411","-87.4982"
990,0,"-248.395","-730.794","234.638","10.2662","116.233","-85.6462"
991,0,"-273.438","-691.887","209.524","12.2704","119.976","-84.0142"
992,0,"-297.291","-651.489","186.707","14.7336","123.548","-82.451"
993,0,"-338.066","-578.474","523.317","56.7376","-19.7978","29.4566"
994,0,"-353.534","-554.209","507.582","59.5917","-20.983","26.5109"
995,0,"-362.763","-520.267","135.238","24.2345","133.948","-76.6814"
996,0,"-381.684","-475.121","123.594","28.3311","136.955","-74.8183"
997,0,"-402.292","-428.875","115.204","31.573","140.474","-73.066"
998,0,"-418.28","-382.382","109.155","36.1452","143.47","-71.0127"
999,0,"-433.295","-336.581","105.213","40.7475","146.247","-69.1543"
1000,0,"-446.603","-291.194","103.627","45.6808","148.839","-67.3543"
1001,0,"-458.532","-246.35","104.38","50.7961","151.274","-65.6021"
1002,0,"-468.699","-202.486","107.009","56.2538","153.466","-63.9636"
1003,0,"-477.332","-159.374","111.698","61.9165","155.5","-62.2385"
1004,0,"-485","-117.453","118.18","67.6955","157.497","-60.8047"
1005,0,"-491.777","-76.9551","126.164","73.3876","159.375","-59.5639"
1006,0,"-496.673","-38.3734","135.312","79.3665","160.755","-58.5084"
1007,0,"-500.017","-1.59704","145.593","85.4807","161.714","-57.5889"
1008,0,"-502.18","33.1833","156.656","91.8123","162.344","-56.984"
1009,0,"-503.267","65.8409","168.272","98.3907","162.59","-56.7147"
1010,0,"-503.365","96.4483","180.34","105.208","162.524","-56.7217"
1011,0,"-502.455","124.661","192.598","112.452","161.994","-57.0492"
1012,0,"-501.371","151.681","205.561","119.358","161.409","-57.3835"
1013,0,"-545.654","-35.1834","503.519","71.8778","-48.5983","-57.8254"
1014,0,"-547.554","-10.6874","516.469","68.8743","-50.2468","-62.416"
1015,0,"-548.166","12.944","529.782","65.387","-51.769","-66.894"
1016,0,"-488.363","221.62","243.013","-96.8239","-93.506","41.6537"
1017,0,"-487.302","233.423","250.697","-98.915","-87.4344","42.5934"
1018,0,"-487.641","244.317","258.413","-100.513","-81.2252","43.5091"
1019,0,"-489.207","254.204","266.175","-101.783","-75.0142","44.5016"
1020,0,"-492.352","262.067","273.452","-102.973","-68.5743","45.9231"
1021,0,"-496.664","270.927","282.024","-103.715","-62.5966","47.5606"
1022,0,"-503.562","276.136","288.959","-104.108","-54.8732","48.7439"
1023,0,"-511.333","282.859","297.634","-104.13","-47.8995","50.048"
1024,0,"-519.789","289.246","307.204","-103.975","-41.0216","51.3012"
1025,0,"-530.39","295.975","317.746","-103.359","-33.8827","52.6642"
1026,0,"-540.46","302.769","329.85","-102.738","-27.5281","54.4557"
1027,0,"-546.499","314.811","343.462","-101.413","-23.4428","55.6888"
1028,0,"-476.288","228.566","694.568","-1.47635","-52.0324","-108.197"
1029,0,"-471.021","235.422","704.596","-3.79505","-50.5715","-110.134"
1030,0,"-463.962","243.43","715.323","-6.40303","-49.2684","-111.739"
1031,0,"-454.968","251.941","725.596","-9.54953","-47.9308","-112.807"
1032,0,"-445.699","259.751","735.317","-12.5601","-46.4879","-113.751"
1033,0,"-436.441","267.5","745.1","-15.3214","-45.3925","-114.294"
1034,0,"-427.734","273.511","753.98","-17.6883","-43.9867","-115.123"
1035,0,"-419.521","278.397","762.474","-19.9765","-42.5253","-116.083"
1036,0,"-409.665","283.715","770.538","-21.738","-41.1103","-116.32"
1037,0,"-400.915","287.317","777.871","-22.9524","-39.5733","-116.949"
1038,0,"-392.137","290.25","784.711","-23.428","-38.0495","-117.472"
1039,0,"-382.558","293.131","791.224","-23.6163","-36.6901","-117.688"
1040,0,"-373.701","294.94","797.31","-23.0671","-35.371","-118.148"
1041,0,"-365.251","295.863","802.777","-22.252","-34.0575","-118.755"
1042,0,"-356.667","296.495","808.17","-21.2129","-33.1427","-119.274"
1043,0,"-348.514","295.981","812.5","-20.4586","-32.0153","-120.089"
1044,0,"-339.43","295.754","816.865","-19.5876","-31.3368","-120.517"
1045,0,"-330.428","294.717","820.122","-19.1561","-30.511","-121.109"
1046,0,"-320.935","293.516","822.747","-18.5405","-29.7766","-121.506"
1047,0,"-311.574","291.974","825.034","-17.6959","-29.2191","-121.835"
1048,0,"-302.635","289.718","826.585","-16.5899","-28.671","-122.268"
1049,0,"-420.489","485.349","557.185","-78.4968","-3.56426","55.322"
1050,0,"-407.723","486.007","558.422","-78.2109","-4.74762","54.6526"
1051,0,"-395.61","486.351","559.318","-77.7777","-5.64186","54.0407"
1052,0,"-267.969","276.95","826.217","-11.244","-27.1134","-123.431"
1053,0,"-259.178","273.404","824.692","-10.2134","-27.0102","-123.584"
1054,0,"-251.07","269.24","822.554","-9.33403","-26.9562","-124.027"
1055,0,"-242.901","265.007","819.63","-8.51055","-26.9937","-124.361"
1056,0,"-234.491","260.74","816.273","-7.75416","-27.1243","-124.594"
1057,0,"-226.697","256.002","812.172","-6.91886","-27.2832","-124.964"
1058,0,"-219.038","251.182","807.747","-5.85938","-27.5969","-125.267"
1059,0,"-371.339","576.549","647.421","-1.4165","157.752","-20.7633"
1060,0,"-361.151","571.619","639.45","-1.30691","156.87","-20.6912"
1061,0,"-350.904","566.292","630.125","-1.23966","155.817","-20.7756"
1062,0,"-339.906","561.325","620.841","-0.805909","154.944","-20.8089"
1063,0,"-329.746","555.434","610.005","-0.747815","153.922","-21.0271"
1064,0,"-319.885","548.616","597.75","-0.994226","152.829","-21.5905"
1065,0,"-225.275","428.536","481.774","-82.077","-15.0371","45.2048"
1066,0,"-158.103","303.939","489.97","1.30151","71.7061","-101.361"
1067,0,"-145.459","295.242","480.177","1.91903","70.3028","-101.506"
1068,0,"-132.548","285.802","470.067","2.52324","68.7338","-101.689"
1069,0,"-119.892","275.427","459.46","2.96147","67.0796","-101.976"
1070,0,"-107.194","264.17","448.525","3.36323","65.3329","-102.376"
1071,0,"-94.3559","252.378","437.201","3.83419","63.4973","-102.788"
1072,0,"-81.9366","239.719","425.349","4.35498","61.6989","-103.4"
1073,0,"-69.2951","226.057","413.53","4.54907","59.6417","-104.006"
1074,0,"-56.4357","211.58","401.57","4.43967","57.4484","-104.548"
1075,0,"-43.6859","196.353","389.346","4.50837","55.2184","-105.206"
1076,0,"-30.8746","180.48","377.252","4.67281","52.9183","-105.938"
1077,0,"-62.3806","271.623","307.704","-101.068","-19.6983","37.6318"
1078,0,"-47.7423","252.054","291.377","-103.411","-19.7126","37.0955"
1079,0,"-31.4634","231.533","275.719","-106.025","-20.0142","36.2622"
1080,0,"-15.2277","209.867","260.331","-108.661","-20.1947","35.5503"
1081,0,"0.717646","188.795","245.763","-110.906","-20.627","34.9989"
1082,0,"-37.2725","92.1022","577.584","9.98335","-70.3006","-117.173"
1083,0,"-28.0713","81.3604","565.098","10.6026","-72.7978","-115.713"
1084,0,"-18.2412","70.9513","553.047","10.8685","-75.538","-113.979"
1085,0,"-8.4928","60.3413","541.805","10.9697","-78.56","-112.162"
1086,0,"0.674072","48.6245","530.447","11.0571","-81.5534","-110.642"
1087,0,"9.61443","36.0706","519.342","11.0605","-84.5189","-109.325"
1088,0,"18.9646","23.3384","508.739","10.8179","-87.5025","-107.943"
1089,0,"28.5084","10.2516","498.631","10.5714","-90.4911","-106.442"
1090,0,"38.2611","-3.23473","488.993","10.402","-93.4114","-104.779"
1091,0,"60.5086","64.9451","90.1105","-9.64651","105.765","-69.2335"
1092,0,"78.0867","34.3693","78.858","-10.1786","103.439","-71.3682"
1093,0,"95.7344","3.48306","69.0567","-10.5191","101.193","-73.55"
1094,0,"113.565","-27.7345","60.7994","-10.7533","98.9166","-75.7051"
1095,0,"130.854","-60.389","54.1001","-11.1333","96.5896","-78.1358"
1096,0,"98.7273","-91.4832","444.429","8.338","-110.604","-93.8837"
1097,0,"108.988","-107.23","439.597","7.6544","-113.327","-92.0479"
1098,0,"119.177","-122.544","435.63","6.91769","-116.197","-89.954"
1099,0,"129.639","-137.609","432.448","6.06617","-119.036","-87.732"
1100,0,"140.185","-153.161","430.182","5.44857","-121.564","-85.4413"
1101,0,"150.113","-168.783","428.85","5.3217","-124.059","-82.8682"
1102,0,"159.412","-184.628","428.207","5.47026","-126.405","-80.4285"
1103,0,"168.268","-200.393","428.247","5.70186","-128.666","-78.0371"
1104,0,"177.079","-215.77","429.066","5.95637","-130.766","-75.4495"
1105,0,"186.026","-231.152","430.529","6.22888","-132.628","-72.8168"
1106,0,"194.948","-245.923","432.75","6.55737","-134.237","-69.8412"
1107,0,"204.389","-261.093","436.476","6.87235","-135.42","-67.1424"
1108,0,"213.28","-275.946","440.657","7.37255","-136.639","-64.4625"
1109,0,"221.448","-289.003","444.274","7.6461","-138.293","-61.4897"
1110,0,"225.322","-303.425","446.078","8.80869","-139.791","-57.9853"
1111,0,"232.668","-316.139","450.351","8.66254","-140.944","-55.5459"
1112,0,"238.924","-327.712","454.674","9.13103","-141.932","-52.519"
1113,0,"244.48","-338.221","458.446","9.55802","-143.012","-49.1943"
1114,0,"250.267","-349.373","463.702","9.95198","-143.677","-46.5715"
1115,0,"255.639","-359.78","468.918","10.3532","-144.327","-43.8993"
1116,0,"260.956","-369.48","474.065","10.5764","-144.994","-41.3376"
1117,0,"265.948","-378.633","479.375","10.7177","-145.632","-38.9476"
1118,0,"270.756","-386.966","484.602","10.695","-146.25","-36.7264"
1119,0,"275.604","-394.791","490.05","10.5926","-146.759","-34.7412"
1120,0,"280.023","-402.3","495.645","10.5271","-147.268","-33.0424"
1121,0,"284.34","-408.925","500.907","10.2732","-147.862","-31.4169"
1122,0,"288.571","-414.829","505.997","9.89237","-148.453","-29.953"
1123,0,"292.268","-420.309","510.864","9.58733","-149.118","-28.7085"
1124,0,"295.743","-424.957","515.374","9.19233","-149.794","-27.5186"
1125,0,"298.833","-428.97","519.607","8.75654","-150.53","-26.5616"
1126,0,"301.743","-432.29","523.336","8.22895","-151.294","-25.7026"
1127,0,"304.374","-435.094","526.712","7.63919","-152.144","-25.0638"
1128,0,"306.67","-437.445","529.754","7.10573","-152.949","-24.4877"
1129,0,"308.85","-439.111","532.353","6.51055","-153.79","-23.9907"
1130,0,"310.479","-440.389","534.556","6.05792","-154.54","-23.5725"
1131,0,"311.807","-441.247","536.365","5.65233","-155.203","-23.236"
